Cause ID,cause,Parent ID,Parent Name,Level,Cause Outline,Sort Order,YLL Only,YLD Only,measure,location,sex,age,metric,year,val,upper,lower
294,All causes,294,All causes,0,Total,1,,,DALYs (Disability-Adjusted Life Years),Global,Both,All Ages,Number,2019.0,2538020070.6518106,2810205654.8219643,2285262550.964437
955,HIV/AIDS and sexually transmitted infections,295,"Communicable, maternal, neonatal, and nutritional diseases",2,A.1,3,,,DALYs (Disability-Adjusted Life Years),Global,Both,All Ages,Number,2019.0,56198316.99501294,66981633.7680925,48372281.38710283
298,HIV/AIDS,955,HIV/AIDS and sexually transmitted infections,3,A.1.1,4,,,DALYs (Disability-Adjusted Life Years),Global,Both,All Ages,Number,2019.0,47632184.17440395,55650039.40038853,42630989.90592405
948,HIV/AIDS - Drug-susceptible Tuberculosis,298,HIV/AIDS,4,A.1.1.1,5,,,DALYs (Disability-Adjusted Life Years),Global,Both,All Ages,Number,2019.0,10792110.28216438,13867406.242123324,7932604.085755909
949,HIV/AIDS - Multidrug-resistant Tuberculosis without extensive drug resistance,298,HIV/AIDS,4,A.1.1.2,6,,,DALYs (Disability-Adjusted Life Years),Global,Both,All Ages,Number,2019.0,1050571.1447861812,1927880.1252806373,456911.4501438832
950,HIV/AIDS - Extensively drug-resistant Tuberculosis,298,HIV/AIDS,4,A.1.1.3,7,,,DALYs (Disability-Adjusted Life Years),Global,Both,All Ages,Number,2019.0,41458.01934136881,74813.90735652528,18286.94441670005
300,HIV/AIDS resulting in other diseases,298,HIV/AIDS,4,A.1.1.4,8,,,DALYs (Disability-Adjusted Life Years),Global,Both,All Ages,Number,2019.0,35748044.72811199,43766009.86801031,30299789.587053906
393,Sexually transmitted infections excluding HIV,955,HIV/AIDS and sexually transmitted infections,3,A.1.2,9,,,DALYs (Disability-Adjusted Life Years),Global,Both,All Ages,Number,2019.0,8566132.820608981,16547335.136530222,3792818.861897784
394,Syphilis,393,Sexually transmitted infections excluding HIV,4,A.1.2.1,10,,,DALYs (Disability-Adjusted Life Years),Global,Both,All Ages,Number,2019.0,7358588.951258423,15037475.487313699,2580711.684921344
395,Chlamydial infection,393,Sexually transmitted infections excluding HIV,4,A.1.2.2,11,,,DALYs (Disability-Adjusted Life Years),Global,Both,All Ages,Number,2019.0,159666.25197312728,222627.48808170852,113842.93275506394
396,Gonococcal infection,393,Sexually transmitted infections excluding HIV,4,A.1.2.3,12,,,DALYs (Disability-Adjusted Life Years),Global,Both,All Ages,Number,2019.0,162925.45676089177,194805.3299524335,132698.38044441846
397,Trichomoniasis,393,Sexually transmitted infections excluding HIV,4,A.1.2.4,13,,X,DALYs (Disability-Adjusted Life Years),Global,Both,All Ages,Number,2019.0,287193.1568893216,592425.7925792397,112570.55533167992
398,Genital herpes,393,Sexually transmitted infections excluding HIV,4,A.1.2.5,14,,X,DALYs (Disability-Adjusted Life Years),Global,Both,All Ages,Number,2019.0,252863.41344081648,627864.6572103685,81719.43355724376
399,Other sexually transmitted infections,393,Sexually transmitted infections excluding HIV,4,A.1.2.6,15,,,DALYs (Disability-Adjusted Life Years),Global,Both,All Ages,Number,2019.0,344895.59028640104,464894.42894088104,248429.15179460513
956,Respiratory infections and tuberculosis,295,"Communicable, maternal, neonatal, and nutritional diseases",2,A.2,16,,,DALYs (Disability-Adjusted Life Years),Global,Both,All Ages,Number,2019.0,153045101.92589077,171785901.62733537,136777025.02342585
297,Tuberculosis,956,Respiratory infections and tuberculosis,3,A.2.1,17,,,DALYs (Disability-Adjusted Life Years),Global,Both,All Ages,Number,2019.0,47030117.92906143,51378318.30937386,42813816.149613455
954,Latent tuberculosis infection,297,Tuberculosis,4,A.2.1.1,18,,X,DALYs (Disability-Adjusted Life Years),Global,Both,All Ages,Number,2019.0,0.0,0.0,0.0
934,Drug-susceptible tuberculosis,297,Tuberculosis,4,A.2.1.2,19,,,DALYs (Disability-Adjusted Life Years),Global,Both,All Ages,Number,2019.0,42528663.56726615,47457442.09713072,37125214.92994393
946,Multidrug-resistant tuberculosis without extensive drug resistance,297,Tuberculosis,4,A.2.1.3,20,,,DALYs (Disability-Adjusted Life Years),Global,Both,All Ages,Number,2019.0,4191700.318417115,7829596.4554007035,1797321.3697037566
947,Extensively drug-resistant tuberculosis,297,Tuberculosis,4,A.2.1.4,21,,,DALYs (Disability-Adjusted Life Years),Global,Both,All Ages,Number,2019.0,309754.0433782448,542893.3265600456,153574.25673600702
322,Lower respiratory infections,956,Respiratory infections and tuberculosis,3,A.2.2,22,,,DALYs (Disability-Adjusted Life Years),Global,Both,All Ages,Number,2019.0,97189707.61337677,113082891.30776411,84871207.17719175
328,Upper respiratory infections,956,Respiratory infections and tuberculosis,3,A.2.3,23,,,DALYs (Disability-Adjusted Life Years),Global,Both,All Ages,Number,2019.0,6385504.05952743,9715957.753559468,3955012.599770209
329,Otitis media,956,Respiratory infections and tuberculosis,3,A.2.4,24,,,DALYs (Disability-Adjusted Life Years),Global,Both,All Ages,Number,2019.0,2439772.323925444,3996246.221840896,1445226.982506065
957,Enteric infections,295,"Communicable, maternal, neonatal, and nutritional diseases",2,A.3,25,,,DALYs (Disability-Adjusted Life Years),Global,Both,All Ages,Number,2019.0,96835558.79383524,119697444.83441684,79185577.49213324
302,Diarrheal diseases,957,Enteric infections,3,A.3.1,26,,,DALYs (Disability-Adjusted Life Years),Global,Both,All Ages,Number,2019.0,80917778.97962636,103017917.27926771,65375775.00581157
958,Typhoid and paratyphoid,957,Enteric infections,3,A.3.2,27,,,DALYs (Disability-Adjusted Life Years),Global,Both,All Ages,Number,2019.0,9691769.350989288,16681747.700691406,4693942.977928071
319,Typhoid fever,958,Typhoid and paratyphoid,4,A.3.2.1,28,,,DALYs (Disability-Adjusted Life Years),Global,Both,All Ages,Number,2019.0,8053345.74831518,13925252.266385226,3864905.4717210373
320,Paratyphoid fever,958,Typhoid and paratyphoid,4,A.3.2.2,29,,,DALYs (Disability-Adjusted Life Years),Global,Both,All Ages,Number,2019.0,1638423.6026740947,3206062.110163984,682262.5927134589
959,Invasive Non-typhoidal Salmonella (iNTS),957,Enteric infections,3,A.3.3,30,,,DALYs (Disability-Adjusted Life Years),Global,Both,All Ages,Number,2019.0,6114292.359439681,9705738.757258406,3323425.482093473
321,Other intestinal infectious diseases,957,Enteric infections,3,A.3.4,31,,,DALYs (Disability-Adjusted Life Years),Global,Both,All Ages,Number,2019.0,111718.10377983237,149243.71188741855,79236.22718152331
344,Neglected tropical diseases and malaria,295,"Communicable, maternal, neonatal, and nutritional diseases",2,A.4,32,,,DALYs (Disability-Adjusted Life Years),Global,Both,All Ages,Number,2019.0,62903804.67390802,95989237.10130572,38609885.53308258
345,Malaria,344,Neglected tropical diseases and malaria,3,A.4.1,33,,,DALYs (Disability-Adjusted Life Years),Global,Both,All Ages,Number,2019.0,46437811.15925551,80116072.46855988,23506933.407151897
346,Chagas disease,344,Neglected tropical diseases and malaria,3,A.4.2,34,,,DALYs (Disability-Adjusted Life Years),Global,Both,All Ages,Number,2019.0,275377.4351913021,459354.08935292455,184453.27388642827
347,Leishmaniasis,344,Neglected tropical diseases and malaria,3,A.4.3,35,,,DALYs (Disability-Adjusted Life Years),Global,Both,All Ages,Number,2019.0,696703.2307714978,1619382.2854584132,375207.24533292616
348,Visceral leishmaniasis,347,Leishmaniasis,4,A.4.3.1,36,,,DALYs (Disability-Adjusted Life Years),Global,Both,All Ages,Number,2019.0,403504.26478827186,1316716.4495847705,128060.42898679026
349,Cutaneous and mucocutaneous leishmaniasis,347,Leishmaniasis,4,A.4.3.2,37,,X,DALYs (Disability-Adjusted Life Years),Global,Both,All Ages,Number,2019.0,293198.96598322666,436590.07083191327,188279.81121092927
350,African trypanosomiasis,344,Neglected tropical diseases and malaria,3,A.4.4,38,,,DALYs (Disability-Adjusted Life Years),Global,Both,All Ages,Number,2019.0,82615.45967769598,155791.8094782821,37636.49360098572
351,Schistosomiasis,344,Neglected tropical diseases and malaria,3,A.4.5,39,,,DALYs (Disability-Adjusted Life Years),Global,Both,All Ages,Number,2019.0,1638072.1541768343,2638616.512562669,1042868.2698903063
352,Cysticercosis,344,Neglected tropical diseases and malaria,3,A.4.6,40,,,DALYs (Disability-Adjusted Life Years),Global,Both,All Ages,Number,2019.0,1373067.9265919859,1960855.4873341275,874432.9854063371
353,Cystic echinococcosis,344,Neglected tropical diseases and malaria,3,A.4.7,41,,,DALYs (Disability-Adjusted Life Years),Global,Both,All Ages,Number,2019.0,122457.19719869544,168556.36695905298,89244.03595532129
354,Lymphatic filariasis,344,Neglected tropical diseases and malaria,3,A.4.8,42,,X,DALYs (Disability-Adjusted Life Years),Global,Both,All Ages,Number,2019.0,1628649.4118145874,2713762.3092168327,958867.5494907348
355,Onchocerciasis,344,Neglected tropical diseases and malaria,3,A.4.9,43,,X,DALYs (Disability-Adjusted Life Years),Global,Both,All Ages,Number,2019.0,1230433.4031062045,1821020.0580173573,764919.0706515756
356,Trachoma,344,Neglected tropical diseases and malaria,3,A.4.10,44,,X,DALYs (Disability-Adjusted Life Years),Global,Both,All Ages,Number,2019.0,180510.27604546773,273573.0169644859,114104.262351612
357,Dengue,344,Neglected tropical diseases and malaria,3,A.4.11,45,,,DALYs (Disability-Adjusted Life Years),Global,Both,All Ages,Number,2019.0,2383375.052159866,3272742.8828476733,827646.5093615594
358,Yellow fever,344,Neglected tropical diseases and malaria,3,A.4.12,46,,,DALYs (Disability-Adjusted Life Years),Global,Both,All Ages,Number,2019.0,290137.2484971059,597713.3041088736,107073.64332934163
359,Rabies,344,Neglected tropical diseases and malaria,3,A.4.13,47,,,DALYs (Disability-Adjusted Life Years),Global,Both,All Ages,Number,2019.0,782052.303961082,1081217.5030700394,320289.6839247046
360,Intestinal nematode infections,344,Neglected tropical diseases and malaria,3,A.4.14,48,,,DALYs (Disability-Adjusted Life Years),Global,Both,All Ages,Number,2019.0,1973281.4722120925,3003133.0188693367,1256602.069028537
361,Ascariasis,360,Intestinal nematode infections,4,A.4.14.1,49,,,DALYs (Disability-Adjusted Life Years),Global,Both,All Ages,Number,2019.0,753905.8495215839,1142588.678401725,478687.61240676476
362,Trichuriasis,360,Intestinal nematode infections,4,A.4.14.2,50,,X,DALYs (Disability-Adjusted Life Years),Global,Both,All Ages,Number,2019.0,235515.8965528452,401544.7319476592,126424.3707238263
363,Hookworm disease,360,Intestinal nematode infections,4,A.4.14.3,51,,X,DALYs (Disability-Adjusted Life Years),Global,Both,All Ages,Number,2019.0,983859.7261376621,1467149.2364899637,626109.8802405384
364,Food-borne trematodiases,344,Neglected tropical diseases and malaria,3,A.4.15,52,,X,DALYs (Disability-Adjusted Life Years),Global,Both,All Ages,Number,2019.0,780089.5736890994,1446031.2613871691,385735.2999875228
405,Leprosy,344,Neglected tropical diseases and malaria,3,A.4.16,53,,X,DALYs (Disability-Adjusted Life Years),Global,Both,All Ages,Number,2019.0,28838.19371150103,41962.513148631515,18574.850194308747
843,Ebola,344,Neglected tropical diseases and malaria,3,A.4.17,54,,,DALYs (Disability-Adjusted Life Years),Global,Both,All Ages,Number,2019.0,195394.45237744492,230578.16765056888,160083.6600466115
935,Zika virus,344,Neglected tropical diseases and malaria,3,A.4.18,55,,,DALYs (Disability-Adjusted Life Years),Global,Both,All Ages,Number,2019.0,347.42758510595155,455.0491978035312,256.44244100737427
936,Guinea worm disease,344,Neglected tropical diseases and malaria,3,A.4.19,56,,X,DALYs (Disability-Adjusted Life Years),Global,Both,All Ages,Number,2019.0,0.8130713694377956,1.335218098278442,0.4596775274241232
365,Other neglected tropical diseases,344,Neglected tropical diseases and malaria,3,A.4.20,57,,,DALYs (Disability-Adjusted Life Years),Global,Both,All Ages,Number,2019.0,2804590.4828135497,4467379.340960166,1927060.540569682
961,Other infectious diseases,295,"Communicable, maternal, neonatal, and nutritional diseases",2,A.5,58,,,DALYs (Disability-Adjusted Life Years),Global,Both,All Ages,Number,2019.0,51409753.68326212,66036626.890337296,40668091.17024717
332,Meningitis,961,Other infectious diseases,3,A.5.1,59,,,DALYs (Disability-Adjusted Life Years),Global,Both,All Ages,Number,2019.0,16333198.299685325,19609766.939612407,13775121.67592575
337,Encephalitis,961,Other infectious diseases,3,A.5.2,60,,,DALYs (Disability-Adjusted Life Years),Global,Both,All Ages,Number,2019.0,4797406.8052118635,6418088.330350865,4059493.181211968
338,Diphtheria,961,Other infectious diseases,3,A.5.3,61,,,DALYs (Disability-Adjusted Life Years),Global,Both,All Ages,Number,2019.0,366129.85792305396,523587.3666755256,243672.89905259025
339,Whooping cough,961,Other infectious diseases,3,A.5.4,62,,,DALYs (Disability-Adjusted Life Years),Global,Both,All Ages,Number,2019.0,10192027.017530367,18481643.329477366,4736515.294309864
340,Tetanus,961,Other infectious diseases,3,A.5.5,63,,,DALYs (Disability-Adjusted Life Years),Global,Both,All Ages,Number,2019.0,2316381.065938956,3279408.204325473,1770001.700931309
341,Measles,961,Other infectious diseases,3,A.5.6,64,,,DALYs (Disability-Adjusted Life Years),Global,Both,All Ages,Number,2019.0,7025615.660812925,15376221.305461258,2527078.2488023746
342,Varicella and herpes zoster,961,Other infectious diseases,3,A.5.7,65,,,DALYs (Disability-Adjusted Life Years),Global,Both,All Ages,Number,2019.0,949523.1354726693,1131353.554601988,809337.7756951539
400,Acute hepatitis,961,Other infectious diseases,3,A.5.8,66,,,DALYs (Disability-Adjusted Life Years),Global,Both,All Ages,Number,2019.0,4346003.536712402,5215822.553312746,3565046.301603496
401,Acute hepatitis A,400,Acute hepatitis,4,A.5.8.1,67,,,DALYs (Disability-Adjusted Life Years),Global,Both,All Ages,Number,2019.0,2347361.959018051,3094377.9541297858,1698976.9913526073
402,Acute hepatitis B,400,Acute hepatitis,4,A.5.8.2,68,,,DALYs (Disability-Adjusted Life Years),Global,Both,All Ages,Number,2019.0,1614378.316308587,2206577.881773049,1172652.6769718772
403,Acute hepatitis C,400,Acute hepatitis,4,A.5.8.3,69,,,DALYs (Disability-Adjusted Life Years),Global,Both,All Ages,Number,2019.0,253351.79337914038,375450.519841952,145070.99689015193
404,Acute hepatitis E,400,Acute hepatitis,4,A.5.8.4,70,,,DALYs (Disability-Adjusted Life Years),Global,Both,All Ages,Number,2019.0,130911.46800662226,191444.56068102163,84592.15152595987
408,Other unspecified infectious diseases,961,Other infectious diseases,3,A.5.9,71,,,DALYs (Disability-Adjusted Life Years),Global,Both,All Ages,Number,2019.0,5083468.3039745735,6289051.91057235,3819591.9649839117
962,Maternal and neonatal disorders,295,"Communicable, maternal, neonatal, and nutritional diseases",2,A.6,72,,,DALYs (Disability-Adjusted Life Years),Global,Both,All Ages,Number,2019.0,198562793.84748945,232408336.0625292,172372482.74547225
366,Maternal disorders,962,Maternal and neonatal disorders,3,A.6.1,73,,,DALYs (Disability-Adjusted Life Years),Global,Both,All Ages,Number,2019.0,12676403.728904882,14392482.127050787,11089504.12827711
367,Maternal hemorrhage,366,Maternal disorders,4,A.6.1.1,74,,,DALYs (Disability-Adjusted Life Years),Global,Both,All Ages,Number,2019.0,3087856.8466612245,3539820.2837757235,2659723.1840277524
368,Maternal sepsis and other maternal infections,366,Maternal disorders,4,A.6.1.2,75,,,DALYs (Disability-Adjusted Life Years),Global,Both,All Ages,Number,2019.0,1064670.0207956522,1256185.377777577,895636.1044077113
369,Maternal hypertensive disorders,366,Maternal disorders,4,A.6.1.3,76,,,DALYs (Disability-Adjusted Life Years),Global,Both,All Ages,Number,2019.0,1823862.9080003772,2077743.445116708,1591697.886957137
370,Maternal obstructed labor and uterine rupture,366,Maternal disorders,4,A.6.1.4,77,,,DALYs (Disability-Adjusted Life Years),Global,Both,All Ages,Number,2019.0,999540.6710420012,1209749.3504848045,817352.4913669463
995,Maternal abortion and miscarriage,366,Maternal disorders,4,A.6.1.5,78,,,DALYs (Disability-Adjusted Life Years),Global,Both,All Ages,Number,2019.0,1130038.2093238258,1338397.2399137877,947674.985902753
374,Ectopic pregnancy,366,Maternal disorders,4,A.6.1.6,79,,,DALYs (Disability-Adjusted Life Years),Global,Both,All Ages,Number,2019.0,378027.52346973115,440089.5276908348,322546.4244275986
375,Indirect maternal deaths,366,Maternal disorders,4,A.6.1.7,80,X,,DALYs (Disability-Adjusted Life Years),Global,Both,All Ages,Number,2019.0,1491058.6082838369,1720890.1584402584,1279371.1080045912
376,Late maternal deaths,366,Maternal disorders,4,A.6.1.8,81,X,,DALYs (Disability-Adjusted Life Years),Global,Both,All Ages,Number,2019.0,767021.9410249485,974857.988256465,594231.1065574391
741,Maternal deaths aggravated by HIV/AIDS,366,Maternal disorders,4,A.6.1.9,82,X,,DALYs (Disability-Adjusted Life Years),Global,Both,All Ages,Number,2019.0,86276.68918834986,124872.4041226726,51299.68576669412
379,Other maternal disorders,366,Maternal disorders,4,A.6.1.10,83,,,DALYs (Disability-Adjusted Life Years),Global,Both,All Ages,Number,2019.0,1848050.3111149196,2116696.8079187013,1603167.276490403
380,Neonatal disorders,962,Maternal and neonatal disorders,3,A.6.2,84,,,DALYs (Disability-Adjusted Life Years),Global,Both,All Ages,Number,2019.0,185886390.1185848,218526197.21081612,160501578.5239065
381,Neonatal preterm birth,380,Neonatal disorders,4,A.6.2.1,85,,,DALYs (Disability-Adjusted Life Years),Global,Both,All Ages,Number,2019.0,68616784.22583693,80042972.63901542,58968980.11648954
382,Neonatal encephalopathy due to birth asphyxia and trauma,380,Neonatal disorders,4,A.6.2.2,86,,,DALYs (Disability-Adjusted Life Years),Global,Both,All Ages,Number,2019.0,53356613.11918375,62832901.75137145,45101595.81397047
383,Neonatal sepsis and other neonatal infections,380,Neonatal disorders,4,A.6.2.3,87,,,DALYs (Disability-Adjusted Life Years),Global,Both,All Ages,Number,2019.0,24558388.859879125,29489763.00119585,20811234.995021027
384,Hemolytic disease and other neonatal jaundice,380,Neonatal disorders,4,A.6.2.4,88,,,DALYs (Disability-Adjusted Life Years),Global,Both,All Ages,Number,2019.0,5423416.253073157,6392084.520847398,4620169.116087746
385,Other neonatal disorders,380,Neonatal disorders,4,A.6.2.5,89,,,DALYs (Disability-Adjusted Life Years),Global,Both,All Ages,Number,2019.0,33931187.66061197,40943840.89609938,28467048.52778511
386,Nutritional deficiencies,295,"Communicable, maternal, neonatal, and nutritional diseases",2,A.7,90,,,DALYs (Disability-Adjusted Life Years),Global,Both,All Ages,Number,2019.0,49775123.91928983,65839421.7870808,36889949.52230573
387,Protein-energy malnutrition,386,Nutritional deficiencies,3,A.7.1,91,,,DALYs (Disability-Adjusted Life Years),Global,Both,All Ages,Number,2019.0,15256524.160267482,18327802.940875024,12565113.572905807
388,Iodine deficiency,386,Nutritional deficiencies,3,A.7.2,92,,X,DALYs (Disability-Adjusted Life Years),Global,Both,All Ages,Number,2019.0,2438598.591325455,4238613.26134077,1372657.0540747738
389,Vitamin A deficiency,386,Nutritional deficiencies,3,A.7.3,93,,X,DALYs (Disability-Adjusted Life Years),Global,Both,All Ages,Number,2019.0,1177507.2779710772,1636582.3682077718,805056.0424216094
390,Dietary iron deficiency,386,Nutritional deficiencies,3,A.7.4,94,,X,DALYs (Disability-Adjusted Life Years),Global,Both,All Ages,Number,2019.0,28534680.333277024,41139284.42072623,19127591.03827287
391,Other nutritional deficiencies,386,Nutritional deficiencies,3,A.7.5,95,,,DALYs (Disability-Adjusted Life Years),Global,Both,All Ages,Number,2019.0,2367813.556448865,2950808.9596797987,1879521.6919955919
409,Non-communicable diseases,294,All causes,1,B,96,,,DALYs (Disability-Adjusted Life Years),Global,Both,All Ages,Number,2019.0,1620165810.777062,1816695861.182945,1429471142.3619664
410,Neoplasms,409,Non-communicable diseases,2,B.1,97,,,DALYs (Disability-Adjusted Life Years),Global,Both,All Ages,Number,2019.0,251390451.28890708,265705265.5754396,235746621.2272082
444,Lip and oral cavity cancer,410,Neoplasms,3,B.1.1,98,,,DALYs (Disability-Adjusted Life Years),Global,Both,All Ages,Number,2019.0,5506651.715445334,6033424.292069282,5004325.426364148
447,Nasopharynx cancer,410,Neoplasms,3,B.1.2,99,,,DALYs (Disability-Adjusted Life Years),Global,Both,All Ages,Number,2019.0,2335095.9011126217,2536657.3820105805,2139753.358649976
450,Other pharynx cancer,410,Neoplasms,3,B.1.3,100,,,DALYs (Disability-Adjusted Life Years),Global,Both,All Ages,Number,2019.0,3234593.099573571,3571833.3772914964,2904981.323605964
411,Esophageal cancer,410,Neoplasms,3,B.1.4,101,,,DALYs (Disability-Adjusted Life Years),Global,Both,All Ages,Number,2019.0,11666016.557839045,12938948.905340495,10378747.054592034
414,Stomach cancer,410,Neoplasms,3,B.1.5,102,,,DALYs (Disability-Adjusted Life Years),Global,Both,All Ages,Number,2019.0,22220980.12379934,24071757.668159224,20301494.416227426
441,Colon and rectum cancer,410,Neoplasms,3,B.1.6,103,,,DALYs (Disability-Adjusted Life Years),Global,Both,All Ages,Number,2019.0,24284087.21998369,25723220.91098854,22614919.70666419
417,Liver cancer,410,Neoplasms,3,B.1.7,104,,,DALYs (Disability-Adjusted Life Years),Global,Both,All Ages,Number,2019.0,12528421.502670573,13687675.07135572,11400671.064630907
418,Liver cancer due to hepatitis B,417,Liver cancer,4,B.1.7.1,105,,,DALYs (Disability-Adjusted Life Years),Global,Both,All Ages,Number,2019.0,5797098.615280013,6771064.508232992,4911756.135729038
419,Liver cancer due to hepatitis C,417,Liver cancer,4,B.1.7.2,106,,,DALYs (Disability-Adjusted Life Years),Global,Both,All Ages,Number,2019.0,2878024.124045168,3323494.244228138,2439911.3271502117
420,Liver cancer due to alcohol use,417,Liver cancer,4,B.1.7.3,107,,,DALYs (Disability-Adjusted Life Years),Global,Both,All Ages,Number,2019.0,2181197.2835635548,2653360.630800839,1756692.470942515
996,Liver cancer due to NASH,417,Liver cancer,4,B.1.7.4,108,,,DALYs (Disability-Adjusted Life Years),Global,Both,All Ages,Number,2019.0,795806.2054765484,975790.3062093563,657291.4787971494
1021,Liver cancer due to other causes,417,Liver cancer,4,B.1.7.5,109,,,DALYs (Disability-Adjusted Life Years),Global,Both,All Ages,Number,2019.0,876295.2743052868,1015967.343192292,748508.8529024429
453,Gallbladder and biliary tract cancer,410,Neoplasms,3,B.1.8,110,,,DALYs (Disability-Adjusted Life Years),Global,Both,All Ages,Number,2019.0,3621472.711979222,3969071.3450246896,3102423.413497632
456,Pancreatic cancer,410,Neoplasms,3,B.1.9,111,,,DALYs (Disability-Adjusted Life Years),Global,Both,All Ages,Number,2019.0,11549015.544360636,12338912.278706832,10777405.394801522
423,Larynx cancer,410,Neoplasms,3,B.1.10,112,,,DALYs (Disability-Adjusted Life Years),Global,Both,All Ages,Number,2019.0,3262221.4025382265,3511354.3911024267,3034634.2089917976
459,Malignant skin melanoma,410,Neoplasms,3,B.1.12,114,,,DALYs (Disability-Adjusted Life Years),Global,Both,All Ages,Number,2019.0,1707846.3508643806,1997465.4504528863,1295584.9644226502
462,Non-melanoma skin cancer,410,Neoplasms,3,B.1.13,115,,,DALYs (Disability-Adjusted Life Years),Global,Both,All Ages,Number,2019.0,1183232.8025223906,1264545.0411044392,1085365.4407272378
849,Non-melanoma skin cancer (squamous-cell carcinoma),462,Non-melanoma skin cancer,4,B.1.13.1,116,,,DALYs (Disability-Adjusted Life Years),Global,Both,All Ages,Number,2019.0,1181529.5914767042,1262186.498333923,1084052.219613594
850,Non-melanoma skin cancer (basal-cell carcinoma),462,Non-melanoma skin cancer,4,B.1.13.2,117,,X,DALYs (Disability-Adjusted Life Years),Global,Both,All Ages,Number,2019.0,1703.2110456862906,3190.768053541249,782.4262116322113
429,Breast cancer,410,Neoplasms,3,B.1.14,118,,,DALYs (Disability-Adjusted Life Years),Global,Both,All Ages,Number,2019.0,20625312.930176504,22174397.426949143,19043048.845297746
432,Cervical cancer,410,Neoplasms,3,B.1.15,119,,,DALYs (Disability-Adjusted Life Years),Global,Both,All Ages,Number,2019.0,8955012.77719185,9978462.205132842,7547733.108306615
435,Uterine cancer,410,Neoplasms,3,B.1.16,120,,,DALYs (Disability-Adjusted Life Years),Global,Both,All Ages,Number,2019.0,2329073.697218737,2560886.3978224774,2092947.142258648
465,Ovarian cancer,410,Neoplasms,3,B.1.17,121,,,DALYs (Disability-Adjusted Life Years),Global,Both,All Ages,Number,2019.0,5359736.70004545,5954992.536903277,4692948.709382223
438,Prostate cancer,410,Neoplasms,3,B.1.18,122,,,DALYs (Disability-Adjusted Life Years),Global,Both,All Ages,Number,2019.0,8644870.119108684,10559866.15379306,7548020.806082668
468,Testicular cancer,410,Neoplasms,3,B.1.19,123,,,DALYs (Disability-Adjusted Life Years),Global,Both,All Ages,Number,2019.0,562188.2115419001,627983.894654808,510773.1744008862
471,Kidney cancer,410,Neoplasms,3,B.1.20,124,,,DALYs (Disability-Adjusted Life Years),Global,Both,All Ages,Number,2019.0,4052816.976799158,4317487.007216427,3801041.390278546
474,Bladder cancer,410,Neoplasms,3,B.1.21,125,,,DALYs (Disability-Adjusted Life Years),Global,Both,All Ages,Number,2019.0,4392583.341432664,4702732.554958706,4090437.915475377
477,Brain and central nervous system cancer,410,Neoplasms,3,B.1.22,126,,,DALYs (Disability-Adjusted Life Years),Global,Both,All Ages,Number,2019.0,8659870.61787328,9574457.811051972,6718028.648559983
480,Thyroid cancer,410,Neoplasms,3,B.1.23,127,,,DALYs (Disability-Adjusted Life Years),Global,Both,All Ages,Number,2019.0,1231841.0463491546,1327064.3961411659,1113585.3918380023
483,Mesothelioma,410,Neoplasms,3,B.1.24,128,,,DALYs (Disability-Adjusted Life Years),Global,Both,All Ages,Number,2019.0,668104.3772595093,716475.4823712781,608268.8165156789
484,Hodgkin lymphoma,410,Neoplasms,3,B.1.25,129,,,DALYs (Disability-Adjusted Life Years),Global,Both,All Ages,Number,2019.0,1145712.00902128,1324344.870099455,977314.346129237
485,Non-Hodgkin lymphoma,410,Neoplasms,3,B.1.26,130,,,DALYs (Disability-Adjusted Life Years),Global,Both,All Ages,Number,2019.0,6991328.640482025,7450470.5856333235,6570140.73475893
486,Multiple myeloma,410,Neoplasms,3,B.1.27,131,,,DALYs (Disability-Adjusted Life Years),Global,Both,All Ages,Number,2019.0,2497205.3087302768,2722668.52545358,2190467.038035017
487,Leukemia,410,Neoplasms,3,B.1.28,132,,,DALYs (Disability-Adjusted Life Years),Global,Both,All Ages,Number,2019.0,11657546.685305646,12700651.096235014,10529142.146429613
845,Acute lymphoid leukemia,487,Leukemia,4,B.1.28.1,133,,,DALYs (Disability-Adjusted Life Years),Global,Both,All Ages,Number,2019.0,2661395.360253327,3013270.4758320227,2187453.6981559186
846,Chronic lymphoid leukemia,487,Leukemia,4,B.1.28.2,134,,,DALYs (Disability-Adjusted Life Years),Global,Both,All Ages,Number,2019.0,948463.5930630731,1065254.096983167,874196.5078467043
847,Acute myeloid leukemia,487,Leukemia,4,B.1.28.3,135,,,DALYs (Disability-Adjusted Life Years),Global,Both,All Ages,Number,2019.0,3060077.842290365,3374560.4836022444,2770960.774556044
848,Chronic myeloid leukemia,487,Leukemia,4,B.1.28.4,136,,,DALYs (Disability-Adjusted Life Years),Global,Both,All Ages,Number,2019.0,1049658.5700606862,1193460.098273405,924420.347479258
943,Other leukemia,487,Leukemia,4,B.1.28.5,137,,,DALYs (Disability-Adjusted Life Years),Global,Both,All Ages,Number,2019.0,3937951.319638205,4472118.779392618,3375150.7124143373
1022,Other malignant neoplasms,410,Neoplasms,3,B.1.29,138,,,DALYs (Disability-Adjusted Life Years),Global,Both,All Ages,Number,2019.0,13442204.16870459,14603177.45260965,12011673.093566958
490,Other neoplasms,410,Neoplasms,3,B.1.30,139,,,DALYs (Disability-Adjusted Life Years),Global,Both,All Ages,Number,2019.0,1217445.2656250885,1469356.8874089713,1038629.8704514559
965,Benign and in situ intestinal neoplasms,490,Other neoplasms,4,B.1.30.2,141,,X,DALYs (Disability-Adjusted Life Years),Global,Both,All Ages,Number,2019.0,0.0,0.0,0.0
966,Benign and in situ cervical and uterine neoplasms,490,Other neoplasms,4,B.1.30.3,142,,X,DALYs (Disability-Adjusted Life Years),Global,Both,All Ages,Number,2019.0,0.0,0.0,0.0
967,Other benign and in situ neoplasms,490,Other neoplasms,4,B.1.30.4,143,,X,DALYs (Disability-Adjusted Life Years),Global,Both,All Ages,Number,2019.0,0.0,0.0,0.0
491,Cardiovascular diseases,409,Non-communicable diseases,2,B.2,144,,,DALYs (Disability-Adjusted Life Years),Global,Both,All Ages,Number,2019.0,393107481.5373953,417258195.7037933,367776224.7243764
492,Rheumatic heart disease,491,Cardiovascular diseases,3,B.2.1,145,,,DALYs (Disability-Adjusted Life Years),Global,Both,All Ages,Number,2019.0,10673881.629059397,12121608.419369193,9207379.353228657
493,Ischemic heart disease,491,Cardiovascular diseases,3,B.2.2,146,,,DALYs (Disability-Adjusted Life Years),Global,Both,All Ages,Number,2019.0,182030144.3103845,193504630.42409703,170206778.29387346
494,Stroke,491,Cardiovascular diseases,3,B.2.3,147,,,DALYs (Disability-Adjusted Life Years),Global,Both,All Ages,Number,2019.0,143232184.23395947,153241823.72535712,133095808.89502066
495,Ischemic stroke,494,Stroke,4,B.2.3.1,148,,,DALYs (Disability-Adjusted Life Years),Global,Both,All Ages,Number,2019.0,63478271.56034898,68986523.9782992,57827412.71077784
496,Intracerebral hemorrhage,494,Stroke,4,B.2.3.2,149,,,DALYs (Disability-Adjusted Life Years),Global,Both,All Ages,Number,2019.0,68572498.37271066,73681972.69491543,63272310.40992458
497,Subarachnoid hemorrhage,494,Stroke,4,B.2.3.3,150,,,DALYs (Disability-Adjusted Life Years),Global,Both,All Ages,Number,2019.0,11181414.30090013,12668877.216313627,9893414.418760417
498,Hypertensive heart disease,491,Cardiovascular diseases,3,B.2.4,151,,,DALYs (Disability-Adjusted Life Years),Global,Both,All Ages,Number,2019.0,21508001.84725549,23899879.06971911,16400050.848948075
504,Non-rheumatic valvular heart disease,491,Cardiovascular diseases,3,B.2.5,152,,,DALYs (Disability-Adjusted Life Years),Global,Both,All Ages,Number,2019.0,2793749.9898989517,3129035.0535643194,2518736.5080629345
968,Non-rheumatic calcific aortic valve disease,504,Non-rheumatic valvular heart disease,4,B.2.5.1,153,,,DALYs (Disability-Adjusted Life Years),Global,Both,All Ages,Number,2019.0,1837751.2599072384,2031851.8747426525,1637023.236521146
969,Non-rheumatic degenerative mitral valve disease,504,Non-rheumatic valvular heart disease,4,B.2.5.2,154,,,DALYs (Disability-Adjusted Life Years),Global,Both,All Ages,Number,2019.0,883361.9302284485,1091525.998269543,754182.8914961145
970,Other non-rheumatic valve diseases,504,Non-rheumatic valvular heart disease,4,B.2.5.3,155,,,DALYs (Disability-Adjusted Life Years),Global,Both,All Ages,Number,2019.0,72636.79976326876,85347.51591570348,55643.211901755065
499,Cardiomyopathy and myocarditis,491,Cardiovascular diseases,3,B.2.6,156,,,DALYs (Disability-Adjusted Life Years),Global,Both,All Ages,Number,2019.0,9135764.228185888,10039921.75402828,7864970.001615748
942,Myocarditis,499,Cardiomyopathy and myocarditis,4,B.2.6.1,157,,,DALYs (Disability-Adjusted Life Years),Global,Both,All Ages,Number,2019.0,977237.6935041205,1126803.5327309468,803761.947990802
938,Alcoholic cardiomyopathy,499,Cardiomyopathy and myocarditis,4,B.2.6.2,158,,,DALYs (Disability-Adjusted Life Years),Global,Both,All Ages,Number,2019.0,2441108.2723253085,2782541.895935452,2046733.9323023872
944,Other cardiomyopathy,499,Cardiomyopathy and myocarditis,4,B.2.6.3,159,,,DALYs (Disability-Adjusted Life Years),Global,Both,All Ages,Number,2019.0,5717418.262356474,6332518.026170705,4892418.475320464
500,Atrial fibrillation and flutter,491,Cardiovascular diseases,3,B.2.8,160,,,DALYs (Disability-Adjusted Life Years),Global,Both,All Ages,Number,2019.0,8393635.006133983,10541460.913089134,6693983.720967971
501,Aortic aneurysm,491,Cardiovascular diseases,3,B.2.9,161,X,,DALYs (Disability-Adjusted Life Years),Global,Both,All Ages,Number,2019.0,3322343.1271333345,3524925.217360775,3107724.620360355
502,Peripheral artery disease,491,Cardiovascular diseases,3,B.2.10,162,,,DALYs (Disability-Adjusted Life Years),Global,Both,All Ages,Number,2019.0,1536380.7109631014,2370813.3017824325,1006769.5683334509
503,Endocarditis,491,Cardiovascular diseases,3,B.2.11,163,,,DALYs (Disability-Adjusted Life Years),Global,Both,All Ages,Number,2019.0,1723594.0109807774,1935247.1690655681,1355669.1758735143
1023,Other cardiovascular and circulatory diseases,491,Cardiovascular diseases,3,B.2.12,164,,,DALYs (Disability-Adjusted Life Years),Global,Both,All Ages,Number,2019.0,8757802.443440823,9822699.424106937,7842062.599837605
508,Chronic respiratory diseases,409,Non-communicable diseases,2,B.3,165,,,DALYs (Disability-Adjusted Life Years),Global,Both,All Ages,Number,2019.0,103533107.10653564,112266451.98095287,94792076.87379178
509,Chronic obstructive pulmonary disease,508,Chronic respiratory diseases,3,B.3.1,166,,,DALYs (Disability-Adjusted Life Years),Global,Both,All Ages,Number,2019.0,74432366.82437456,80193347.45342112,68204126.93357103
510,Pneumoconiosis,508,Chronic respiratory diseases,3,B.3.2,167,,,DALYs (Disability-Adjusted Life Years),Global,Both,All Ages,Number,2019.0,919076.9985506594,1116126.956646737,761477.6163759318
511,Silicosis,510,Pneumoconiosis,4,B.3.2.1,168,,,DALYs (Disability-Adjusted Life Years),Global,Both,All Ages,Number,2019.0,655762.8885274014,828025.1276933535,519296.98611610045
512,Asbestosis,510,Pneumoconiosis,4,B.3.2.2,169,,,DALYs (Disability-Adjusted Life Years),Global,Both,All Ages,Number,2019.0,71224.83088082427,81811.27579798372,53925.43014595113
513,Coal workers pneumoconiosis,510,Pneumoconiosis,4,B.3.2.3,170,,,DALYs (Disability-Adjusted Life Years),Global,Both,All Ages,Number,2019.0,75268.82126701316,96440.65201018096,55897.079057063376
514,Other pneumoconiosis,510,Pneumoconiosis,4,B.3.2.4,171,,,DALYs (Disability-Adjusted Life Years),Global,Both,All Ages,Number,2019.0,116820.45787542053,148454.8067783708,93602.421810186
515,Asthma,508,Chronic respiratory diseases,3,B.3.3,172,,,DALYs (Disability-Adjusted Life Years),Global,Both,All Ages,Number,2019.0,21550976.796904307,26971997.42327591,17141586.609393183
516,Interstitial lung disease and pulmonary sarcoidosis,508,Chronic respiratory diseases,3,B.3.4,173,,,DALYs (Disability-Adjusted Life Years),Global,Both,All Ages,Number,2019.0,3770894.167592949,4468319.043397984,2864233.8495727787
520,Other chronic respiratory diseases,508,Chronic respiratory diseases,3,B.3.5,174,,,DALYs (Disability-Adjusted Life Years),Global,Both,All Ages,Number,2019.0,2859792.319113052,3217791.1900822506,2461295.4447525977
526,Digestive diseases,409,Non-communicable diseases,2,B.4,175,,,DALYs (Disability-Adjusted Life Years),Global,Both,All Ages,Number,2019.0,88991768.10005663,97583796.69554842,81413796.05609487
521,Cirrhosis and other chronic liver diseases,526,Digestive diseases,3,B.4.1,176,,,DALYs (Disability-Adjusted Life Years),Global,Both,All Ages,Number,2019.0,46189415.684773,49551291.89747904,43027109.26441343
522,Cirrhosis and other chronic liver diseases due to hepatitis B,521,Cirrhosis and other chronic liver diseases,4,B.4.1.1,177,,,DALYs (Disability-Adjusted Life Years),Global,Both,All Ages,Number,2019.0,10786754.657496853,12715661.851407398,8991169.935569918
523,Cirrhosis and other chronic liver diseases due to hepatitis C,521,Cirrhosis and other chronic liver diseases,4,B.4.1.2,178,,,DALYs (Disability-Adjusted Life Years),Global,Both,All Ages,Number,2019.0,12157160.934556425,14166607.61868122,10325549.16848974
524,Cirrhosis and other chronic liver diseases due to alcohol use,521,Cirrhosis and other chronic liver diseases,4,B.4.1.3,179,,,DALYs (Disability-Adjusted Life Years),Global,Both,All Ages,Number,2019.0,11186601.489050623,13125597.633962438,9447032.507475616
971,Cirrhosis and other chronic liver diseases due to NAFLD,521,Cirrhosis and other chronic liver diseases,4,B.4.1.4,180,,,DALYs (Disability-Adjusted Life Years),Global,Both,All Ages,Number,2019.0,3621471.9210983813,4862918.3609375665,2585375.274124068
525,Cirrhosis and other chronic liver diseases due to other causes,521,Cirrhosis and other chronic liver diseases,4,B.4.1.5,181,,,DALYs (Disability-Adjusted Life Years),Global,Both,All Ages,Number,2019.0,8437426.682570728,10236888.521715013,6936186.566835155
992,Upper digestive system diseases,526,Digestive diseases,3,B.4.2,182,,,DALYs (Disability-Adjusted Life Years),Global,Both,All Ages,Number,2019.0,14872827.421265734,20175274.699269515,11337464.56535289
527,Peptic ulcer disease,992,Upper digestive system diseases,4,B.4.2.1,183,,,DALYs (Disability-Adjusted Life Years),Global,Both,All Ages,Number,2019.0,6029509.854864793,6641773.454461419,5586597.710853789
528,Gastritis and duodenitis,992,Upper digestive system diseases,4,B.4.2.2,184,,,DALYs (Disability-Adjusted Life Years),Global,Both,All Ages,Number,2019.0,2814889.689222152,3794394.8108375417,2087791.297524571
536,Gastroesophageal reflux disease,992,Upper digestive system diseases,4,B.4.2.3,185,,X,DALYs (Disability-Adjusted Life Years),Global,Both,All Ages,Number,2019.0,6028427.8771787835,10815633.8850043,3103987.903083531
529,Appendicitis,526,Digestive diseases,3,B.4.3,186,,,DALYs (Disability-Adjusted Life Years),Global,Both,All Ages,Number,2019.0,1501491.985254931,1705755.9062699324,1236231.9686602985
530,Paralytic ileus and intestinal obstruction,526,Digestive diseases,3,B.4.4,187,,,DALYs (Disability-Adjusted Life Years),Global,Both,All Ages,Number,2019.0,7083933.997404961,8253784.658859621,5648476.213003497
532,Inflammatory bowel disease,526,Digestive diseases,3,B.4.6,189,,,DALYs (Disability-Adjusted Life Years),Global,Both,All Ages,Number,2019.0,1622498.429147799,1915042.4513063657,1356295.8646114105
533,Vascular intestinal disorders,526,Digestive diseases,3,B.4.7,190,,,DALYs (Disability-Adjusted Life Years),Global,Both,All Ages,Number,2019.0,1872339.0729036024,2034446.5017283359,1722037.74513574
534,Gallbladder and biliary diseases,526,Digestive diseases,3,B.4.8,191,,,DALYs (Disability-Adjusted Life Years),Global,Both,All Ages,Number,2019.0,6352737.718850917,8250379.331266153,4874475.089984705
535,Pancreatitis,526,Digestive diseases,3,B.4.9,192,,,DALYs (Disability-Adjusted Life Years),Global,Both,All Ages,Number,2019.0,3641105.7402957436,4026948.076380442,3282952.508304454
541,Other digestive diseases,526,Digestive diseases,3,B.4.10,193,,,DALYs (Disability-Adjusted Life Years),Global,Both,All Ages,Number,2019.0,2501402.22246972,2799240.80716541,2124793.7406105464
542,Neurological disorders,409,Non-communicable diseases,2,B.5,194,,,DALYs (Disability-Adjusted Life Years),Global,Both,All Ages,Number,2019.0,97724411.73067854,159416792.55448708,55942819.25573274
543,Alzheimer's disease and other dementias,542,Neurological disorders,3,B.5.1,195,,,DALYs (Disability-Adjusted Life Years),Global,Both,All Ages,Number,2019.0,25276988.897609115,54558243.139465004,11204523.02623526
544,Parkinson's disease,542,Neurological disorders,3,B.5.2,196,,,DALYs (Disability-Adjusted Life Years),Global,Both,All Ages,Number,2019.0,6292615.608998705,6827206.907895189,5769209.754501588
545,Idiopathic epilepsy,542,Neurological disorders,3,B.5.3,197,,,DALYs (Disability-Adjusted Life Years),Global,Both,All Ages,Number,2019.0,13077624.474808568,16734085.839652075,9986729.550929267
546,Multiple sclerosis,542,Neurological disorders,3,B.5.4,198,,,DALYs (Disability-Adjusted Life Years),Global,Both,All Ages,Number,2019.0,1159831.83837878,1381870.1744986204,1001179.8965836698
554,Motor neuron disease,542,Neurological disorders,3,B.5.5,199,,,DALYs (Disability-Adjusted Life Years),Global,Both,All Ages,Number,2019.0,1034606.5874473073,1085401.1109608072,979910.9235950806
972,Headache disorders,542,Neurological disorders,3,B.5.6,200,,X,DALYs (Disability-Adjusted Life Years),Global,Both,All Ages,Number,2019.0,46619354.77974782,100161725.59916157,9772903.222926432
547,Migraine,972,Headache disorders,4,B.5.6.1,201,,X,DALYs (Disability-Adjusted Life Years),Global,Both,All Ages,Number,2019.0,42077665.90146814,95645211.00962897,6418383.33049908
548,Tension-type headache,972,Headache disorders,4,B.5.6.2,202,,X,DALYs (Disability-Adjusted Life Years),Global,Both,All Ages,Number,2019.0,4541688.878279764,14981335.608252978,1395545.972911378
557,Other neurological disorders,542,Neurological disorders,3,B.5.7,203,,,DALYs (Disability-Adjusted Life Years),Global,Both,All Ages,Number,2019.0,4263389.54368819,5174136.061259217,3458864.146325029
558,Mental disorders,409,Non-communicable diseases,2,B.6,204,,,DALYs (Disability-Adjusted Life Years),Global,Both,All Ages,Number,2019.0,125311322.13803302,163177882.6322794,92994990.40421842
559,Schizophrenia,558,Mental disorders,3,B.6.1,205,,X,DALYs (Disability-Adjusted Life Years),Global,Both,All Ages,Number,2019.0,15107248.258154338,19206793.773198165,11003873.025681196
567,Depressive disorders,558,Mental disorders,3,B.6.2,206,,X,DALYs (Disability-Adjusted Life Years),Global,Both,All Ages,Number,2019.0,46863642.08847318,63797315.23465926,32929363.023867402
568,Major depressive disorder,567,Depressive disorders,4,B.6.2.1,207,,X,DALYs (Disability-Adjusted Life Years),Global,Both,All Ages,Number,2019.0,37202741.53251684,51217042.4249832,25650205.252753247
569,Dysthymia,567,Depressive disorders,4,B.6.2.2,208,,X,DALYs (Disability-Adjusted Life Years),Global,Both,All Ages,Number,2019.0,9660900.55595633,14421787.161995795,6311566.464325146
570,Bipolar disorder,558,Mental disorders,3,B.6.3,209,,X,DALYs (Disability-Adjusted Life Years),Global,Both,All Ages,Number,2019.0,8502426.947806481,13046630.216606032,5200032.616563576
571,Anxiety disorders,558,Mental disorders,3,B.6.4,210,,X,DALYs (Disability-Adjusted Life Years),Global,Both,All Ages,Number,2019.0,28676050.44826479,39315123.172814906,19858079.218739454
572,Eating disorders,558,Mental disorders,3,B.6.5,211,,,DALYs (Disability-Adjusted Life Years),Global,Both,All Ages,Number,2019.0,2912577.8846688806,4347287.514882199,1833957.3779602328
573,Anorexia nervosa,572,Eating disorders,4,B.6.5.1,212,,,DALYs (Disability-Adjusted Life Years),Global,Both,All Ages,Number,2019.0,845189.6001640565,1321417.2360392115,510973.9471275328
574,Bulimia nervosa,572,Eating disorders,4,B.6.5.2,213,,,DALYs (Disability-Adjusted Life Years),Global,Both,All Ages,Number,2019.0,2067388.2845048208,3203774.6679020235,1194151.6885210956
575,Autism spectrum disorders,558,Mental disorders,3,B.6.6,214,,X,DALYs (Disability-Adjusted Life Years),Global,Both,All Ages,Number,2019.0,4306615.380481494,6232360.467994811,2821511.911554778
578,Attention-deficit/hyperactivity disorder,558,Mental disorders,3,B.6.7,215,,X,DALYs (Disability-Adjusted Life Years),Global,Both,All Ages,Number,2019.0,1030485.1935869119,1738824.6332308857,584728.5397860252
579,Conduct disorder,558,Mental disorders,3,B.6.8,216,,X,DALYs (Disability-Adjusted Life Years),Global,Both,All Ages,Number,2019.0,4872139.678136401,7621195.160663738,2735750.147276665
582,Idiopathic developmental intellectual disability,558,Mental disorders,3,B.6.9,217,,X,DALYs (Disability-Adjusted Life Years),Global,Both,All Ages,Number,2019.0,4388478.085964299,7239771.3891324615,2300138.485912648
585,Other mental disorders,558,Mental disorders,3,B.6.10,218,,X,DALYs (Disability-Adjusted Life Years),Global,Both,All Ages,Number,2019.0,8651658.17249637,13076535.57077824,5580189.801690899
973,Substance use disorders,409,Non-communicable diseases,2,B.7,219,,,DALYs (Disability-Adjusted Life Years),Global,Both,All Ages,Number,2019.0,35134743.56274272,42958764.77371337,28249316.59994814
560,Alcohol use disorders,973,Substance use disorders,3,B.7.1,220,,,DALYs (Disability-Adjusted Life Years),Global,Both,All Ages,Number,2019.0,17019133.548118766,21451306.35113576,13474394.926435376
561,Drug use disorders,973,Substance use disorders,3,B.7.2,221,,,DALYs (Disability-Adjusted Life Years),Global,Both,All Ages,Number,2019.0,18115610.01462392,22032456.387210846,14322273.457579222
562,Opioid use disorders,561,Drug use disorders,4,B.7.2.1,222,,,DALYs (Disability-Adjusted Life Years),Global,Both,All Ages,Number,2019.0,12927040.8097371,16220239.633750595,10001413.090499043
563,Cocaine use disorders,561,Drug use disorders,4,B.7.2.2,223,,,DALYs (Disability-Adjusted Life Years),Global,Both,All Ages,Number,2019.0,1153241.2962300577,1431180.0029721437,933471.6261087841
564,Amphetamine use disorders,561,Drug use disorders,4,B.7.2.3,224,,,DALYs (Disability-Adjusted Life Years),Global,Both,All Ages,Number,2019.0,1398965.5532704422,2039339.126449046,954463.4582558505
565,Cannabis use disorders,561,Drug use disorders,4,B.7.2.4,225,,X,DALYs (Disability-Adjusted Life Years),Global,Both,All Ages,Number,2019.0,690337.7469964841,1077123.2355402457,420820.57575954776
566,Other drug use disorders,561,Drug use disorders,4,B.7.2.5,226,,,DALYs (Disability-Adjusted Life Years),Global,Both,All Ages,Number,2019.0,1946024.6083898132,2482698.427676863,1529203.6523798788
974,Diabetes and kidney diseases,409,Non-communicable diseases,2,B.8,227,,,DALYs (Disability-Adjusted Life Years),Global,Both,All Ages,Number,2019.0,112726227.25548922,128322339.5187033,99271585.08631766
587,Diabetes mellitus,974,Diabetes and kidney diseases,3,B.8.1,228,,,DALYs (Disability-Adjusted Life Years),Global,Both,All Ages,Number,2019.0,70880154.67897885,84174005.00823699,59707574.16003662
975,Diabetes mellitus type 1,587,Diabetes mellitus,4,B.8.1.1,229,,,DALYs (Disability-Adjusted Life Years),Global,Both,All Ages,Number,2019.0,4580404.059174753,5382418.7358349785,3905618.3084014086
976,Diabetes mellitus type 2,587,Diabetes mellitus,4,B.8.1.2,230,,,DALYs (Disability-Adjusted Life Years),Global,Both,All Ages,Number,2019.0,66299750.61980415,79005166.0710841,55477041.86229127
589,Chronic kidney disease,974,Diabetes and kidney diseases,3,B.8.2,231,,,DALYs (Disability-Adjusted Life Years),Global,Both,All Ages,Number,2019.0,41538592.33990566,45037864.88849279,38291808.94956525
997,Chronic kidney disease due to diabetes mellitus type 1,589,Chronic kidney disease,4,B.8.2.1,232,,,DALYs (Disability-Adjusted Life Years),Global,Both,All Ages,Number,2019.0,3222947.6623687036,4373188.820846467,2280069.6662530345
998,Chronic kidney disease due to diabetes mellitus type 2,589,Chronic kidney disease,4,B.8.2.2,233,,,DALYs (Disability-Adjusted Life Years),Global,Both,All Ages,Number,2019.0,9870472.035764877,11736440.03790714,8114783.87285463
591,Chronic kidney disease due to hypertension,589,Chronic kidney disease,4,B.8.2.3,234,,,DALYs (Disability-Adjusted Life Years),Global,Both,All Ages,Number,2019.0,9962410.17064135,11544122.188180804,8582331.28952058
592,Chronic kidney disease due to glomerulonephritis,589,Chronic kidney disease,4,B.8.2.4,235,,,DALYs (Disability-Adjusted Life Years),Global,Both,All Ages,Number,2019.0,6900802.469972323,8125653.283236712,5777228.535597998
593,Chronic kidney disease due to other and unspecified causes,589,Chronic kidney disease,4,B.8.2.5,236,,,DALYs (Disability-Adjusted Life Years),Global,Both,All Ages,Number,2019.0,11581960.001158373,13702731.050966095,9702499.119490204
588,Acute glomerulonephritis,974,Diabetes and kidney diseases,3,B.8.3,237,,,DALYs (Disability-Adjusted Life Years),Global,Both,All Ages,Number,2019.0,307480.23660462163,362572.9604170356,204184.90419124087
653,Skin and subcutaneous diseases,409,Non-communicable diseases,2,B.9,238,,,DALYs (Disability-Adjusted Life Years),Global,Both,All Ages,Number,2019.0,42883695.47993681,63438210.21975321,28626691.70794013
654,Dermatitis,653,Skin and subcutaneous diseases,3,B.9.1,239,,X,DALYs (Disability-Adjusted Life Years),Global,Both,All Ages,Number,2019.0,10063791.44610794,15750929.607363073,5956892.765675417
977,Atopic dermatitis,654,Dermatitis,4,B.9.1.1,240,,X,DALYs (Disability-Adjusted Life Years),Global,Both,All Ages,Number,2019.0,7480085.122807222,12581232.091463545,3986820.7317802687
978,Contact dermatitis,654,Dermatitis,4,B.9.1.2,241,,X,DALYs (Disability-Adjusted Life Years),Global,Both,All Ages,Number,2019.0,2275936.534102795,3396560.7761658123,1431634.6666501956
979,Seborrhoeic dermatitis,654,Dermatitis,4,B.9.1.3,242,,X,DALYs (Disability-Adjusted Life Years),Global,Both,All Ages,Number,2019.0,307769.7891979346,489314.8225097032,175925.71444654302
655,Psoriasis,653,Skin and subcutaneous diseases,3,B.9.2,243,,X,DALYs (Disability-Adjusted Life Years),Global,Both,All Ages,Number,2019.0,3505736.1267324644,4638756.504514646,2504955.769788133
980,Bacterial skin diseases,653,Skin and subcutaneous diseases,3,B.9.3,244,,,DALYs (Disability-Adjusted Life Years),Global,Both,All Ages,Number,2019.0,2197262.6034871787,2639494.590950455,1656534.0849514585
656,Cellulitis,980,Bacterial skin diseases,4,B.9.3.1,245,,,DALYs (Disability-Adjusted Life Years),Global,Both,All Ages,Number,2019.0,551446.0114139805,660369.4425260911,377644.4888612187
657,Pyoderma,980,Bacterial skin diseases,4,B.9.3.2,246,,,DALYs (Disability-Adjusted Life Years),Global,Both,All Ages,Number,2019.0,1645816.592073195,2008094.9810531128,1245783.5444998187
658,Scabies,653,Skin and subcutaneous diseases,3,B.9.4,247,,X,DALYs (Disability-Adjusted Life Years),Global,Both,All Ages,Number,2019.0,4837980.627361598,7727672.439444828,2682199.118742179
659,Fungal skin diseases,653,Skin and subcutaneous diseases,3,B.9.5,248,,X,DALYs (Disability-Adjusted Life Years),Global,Both,All Ages,Number,2019.0,3224429.9509287262,6784674.959581685,1322041.1620152413
660,Viral skin diseases,653,Skin and subcutaneous diseases,3,B.9.6,249,,X,DALYs (Disability-Adjusted Life Years),Global,Both,All Ages,Number,2019.0,4728083.845986742,7062875.756739013,3026072.1065433095
661,Acne vulgaris,653,Skin and subcutaneous diseases,3,B.9.7,250,,X,DALYs (Disability-Adjusted Life Years),Global,Both,All Ages,Number,2019.0,4955197.670667985,7853723.694198776,2978062.724737416
662,Alopecia areata,653,Skin and subcutaneous diseases,3,B.9.8,251,,X,DALYs (Disability-Adjusted Life Years),Global,Both,All Ages,Number,2019.0,600570.3709264424,891060.9816099051,378239.38040446205
663,Pruritus,653,Skin and subcutaneous diseases,3,B.9.9,252,,X,DALYs (Disability-Adjusted Life Years),Global,Both,All Ages,Number,2019.0,785750.4682227145,1405750.84632541,376081.7214256073
664,Urticaria,653,Skin and subcutaneous diseases,3,B.9.10,253,,X,DALYs (Disability-Adjusted Life Years),Global,Both,All Ages,Number,2019.0,3898838.5559602873,5584365.552198011,2554225.429552444
665,Decubitus ulcer,653,Skin and subcutaneous diseases,3,B.9.11,254,,,DALYs (Disability-Adjusted Life Years),Global,Both,All Ages,Number,2019.0,481422.761757779,583429.1440455867,374333.93984824116
668,Other skin and subcutaneous diseases,653,Skin and subcutaneous diseases,3,B.9.12,255,,,DALYs (Disability-Adjusted Life Years),Global,Both,All Ages,Number,2019.0,3604631.051796965,6498917.0660757,1773654.9456109582
669,Sense organ diseases,409,Non-communicable diseases,2,B.10,256,,X,DALYs (Disability-Adjusted Life Years),Global,Both,All Ages,Number,2019.0,66118158.19542589,93013458.69780986,45067261.31914205
981,Blindness and vision loss,669,Sense organ diseases,3,B.10.1,257,,X,DALYs (Disability-Adjusted Life Years),Global,Both,All Ages,Number,2019.0,22559139.91469977,31740247.659365945,15566549.76908821
670,Glaucoma,981,Blindness and vision loss,4,B.10.1.1,258,,X,DALYs (Disability-Adjusted Life Years),Global,Both,All Ages,Number,2019.0,748307.7132695912,1044667.1453109649,515635.65307999786
671,Cataract,981,Blindness and vision loss,4,B.10.1.2,259,,X,DALYs (Disability-Adjusted Life Years),Global,Both,All Ages,Number,2019.0,6676281.108599545,9006193.632411256,4761210.703512785
672,Age-related macular degeneration,981,Blindness and vision loss,4,B.10.1.3,260,,X,DALYs (Disability-Adjusted Life Years),Global,Both,All Ages,Number,2019.0,564055.096745825,789194.6407380098,392930.696700717
999,Refraction disorders,981,Blindness and vision loss,4,B.10.1.4,261,,X,DALYs (Disability-Adjusted Life Years),Global,Both,All Ages,Number,2019.0,6569471.528645722,9290604.884137912,4434351.686795238
1000,Near vision loss,981,Blindness and vision loss,4,B.10.1.5,262,,X,DALYs (Disability-Adjusted Life Years),Global,Both,All Ages,Number,2019.0,4901241.274501624,9669139.26685718,2255608.669314724
675,Other vision loss,981,Blindness and vision loss,4,B.10.1.6,263,,X,DALYs (Disability-Adjusted Life Years),Global,Both,All Ages,Number,2019.0,3099783.192937472,4242507.454122694,2206361.184254124
674,Age-related and other hearing loss,669,Sense organ diseases,3,B.10.2,264,,X,DALYs (Disability-Adjusted Life Years),Global,Both,All Ages,Number,2019.0,40235304.57536726,57131938.80518913,27393193.20626617
679,Other sense organ diseases,669,Sense organ diseases,3,B.10.3,265,,X,DALYs (Disability-Adjusted Life Years),Global,Both,All Ages,Number,2019.0,3323713.705358884,5132546.682170629,1974027.6494215357
626,Musculoskeletal disorders,409,Non-communicable diseases,2,B.11,266,,,DALYs (Disability-Adjusted Life Years),Global,Both,All Ages,Number,2019.0,150075329.90431193,197816582.83584443,108781543.95125157
627,Rheumatoid arthritis,626,Musculoskeletal disorders,3,B.11.1,267,,,DALYs (Disability-Adjusted Life Years),Global,Both,All Ages,Number,2019.0,3262589.1414727885,4091554.9031274915,2510208.3462558435
628,Osteoarthritis,626,Musculoskeletal disorders,3,B.11.2,268,,X,DALYs (Disability-Adjusted Life Years),Global,Both,All Ages,Number,2019.0,18948965.30570556,37659659.680246666,9571297.86073523
1014,Osteoarthritis hip,628,Osteoarthritis,4,B.11.2.1,269,,X,DALYs (Disability-Adjusted Life Years),Global,Both,All Ages,Number,2019.0,1036169.8869250172,2134872.1760325665,489379.76825539325
1015,Osteoarthritis knee,628,Osteoarthritis,4,B.11.2.2,270,,X,DALYs (Disability-Adjusted Life Years),Global,Both,All Ages,Number,2019.0,11534019.604294656,23489983.16448092,5719115.228319645
1016,Osteoarthritis hand,628,Osteoarthritis,4,B.11.2.3,271,,X,DALYs (Disability-Adjusted Life Years),Global,Both,All Ages,Number,2019.0,4454935.378494682,9234184.47410054,2198423.185256715
1017,Osteoarthritis other,628,Osteoarthritis,4,B.11.2.4,272,,X,DALYs (Disability-Adjusted Life Years),Global,Both,All Ages,Number,2019.0,1923840.4359912176,4009077.4842027775,939407.3838185231
630,Low back pain,626,Musculoskeletal disorders,3,B.11.3,273,,X,DALYs (Disability-Adjusted Life Years),Global,Both,All Ages,Number,2019.0,63685119.79564814,85192922.20572466,44999198.05802666
631,Neck pain,626,Musculoskeletal disorders,3,B.11.4,274,,X,DALYs (Disability-Adjusted Life Years),Global,Both,All Ages,Number,2019.0,22081323.13488869,31726932.91735357,14508244.15895076
632,Gout,626,Musculoskeletal disorders,3,B.11.5,275,,X,DALYs (Disability-Adjusted Life Years),Global,Both,All Ages,Number,2019.0,1673973.3735548125,2393469.2443530746,1068061.11069442
639,Other musculoskeletal disorders,626,Musculoskeletal disorders,3,B.11.6,276,,,DALYs (Disability-Adjusted Life Years),Global,Both,All Ages,Number,2019.0,40423359.15304212,55481388.94513412,28220153.745075505
640,Other non-communicable diseases,409,Non-communicable diseases,2,B.12,277,,,DALYs (Disability-Adjusted Life Years),Global,Both,All Ages,Number,2019.0,153169114.47754812,187482975.38387036,124291790.66789909
641,Congenital birth defects,640,Other non-communicable diseases,3,B.12.1,278,,,DALYs (Disability-Adjusted Life Years),Global,Both,All Ages,Number,2019.0,52784936.4613018,65522203.54759994,43601535.883159496
642,Neural tube defects,641,Congenital birth defects,4,B.12.1.1,279,,,DALYs (Disability-Adjusted Life Years),Global,Both,All Ages,Number,2019.0,7743430.51073983,11022799.354719656,5726202.650688348
643,Congenital heart anomalies,641,Congenital birth defects,4,B.12.1.2,280,,,DALYs (Disability-Adjusted Life Years),Global,Both,All Ages,Number,2019.0,18693016.037210308,22646133.117033616,15173046.827328853
644,Orofacial clefts,641,Congenital birth defects,4,B.12.1.3,281,,,DALYs (Disability-Adjusted Life Years),Global,Both,All Ages,Number,2019.0,529758.9174949372,798419.6868551904,362492.8823159324
645,Down syndrome,641,Congenital birth defects,4,B.12.1.4,282,,,DALYs (Disability-Adjusted Life Years),Global,Both,All Ages,Number,2019.0,1783569.7712245984,2747159.766389742,1374186.6352225165
646,Turner syndrome,641,Congenital birth defects,4,B.12.1.5,283,,X,DALYs (Disability-Adjusted Life Years),Global,Both,All Ages,Number,2019.0,13523.475277648096,23227.198779330025,6226.020110989229
647,Klinefelter syndrome,641,Congenital birth defects,4,B.12.1.6,284,,X,DALYs (Disability-Adjusted Life Years),Global,Both,All Ages,Number,2019.0,1289.7748623521534,2471.069848468757,573.982882469471
648,Other chromosomal abnormalities,641,Congenital birth defects,4,B.12.1.7,285,,,DALYs (Disability-Adjusted Life Years),Global,Both,All Ages,Number,2019.0,2069007.1010669197,3358173.2076259837,1480910.1000707385
649,Congenital musculoskeletal and limb anomalies,641,Congenital birth defects,4,B.12.1.8,286,,,DALYs (Disability-Adjusted Life Years),Global,Both,All Ages,Number,2019.0,3520885.3196019917,4754524.244388476,2505574.27302562
650,Urogenital congenital anomalies,641,Congenital birth defects,4,B.12.1.9,287,,,DALYs (Disability-Adjusted Life Years),Global,Both,All Ages,Number,2019.0,1094412.3392159713,1407872.7449325838,832358.0008918407
651,Digestive congenital anomalies,641,Congenital birth defects,4,B.12.1.10,288,,,DALYs (Disability-Adjusted Life Years),Global,Both,All Ages,Number,2019.0,4279479.678230837,6725704.87197545,2760606.670085358
652,Other congenital birth defects,641,Congenital birth defects,4,B.12.1.11,289,,,DALYs (Disability-Adjusted Life Years),Global,Both,All Ages,Number,2019.0,13056563.536376458,19277512.78682068,9414482.369294085
594,Urinary diseases and male infertility,640,Other non-communicable diseases,3,B.12.2,290,,,DALYs (Disability-Adjusted Life Years),Global,Both,All Ages,Number,2019.0,9338090.98326472,10865752.353351947,7985131.474307243
595,Urinary tract infections and interstitial nephritis,594,Urinary diseases and male infertility,4,B.12.2.1,291,,,DALYs (Disability-Adjusted Life Years),Global,Both,All Ages,Number,2019.0,5201671.578387419,5704835.662005245,4454036.546440172
596,Urolithiasis,594,Urinary diseases and male infertility,4,B.12.2.2,292,,,DALYs (Disability-Adjusted Life Years),Global,Both,All Ages,Number,2019.0,604308.9352362734,745193.9018680633,477353.5007576054
597,Benign prostatic hyperplasia,594,Urinary diseases and male infertility,4,B.12.2.3,293,,X,DALYs (Disability-Adjusted Life Years),Global,Both,All Ages,Number,2019.0,1861781.116607752,2782264.2128735115,1127721.6967198765
598,Male infertility,594,Urinary diseases and male infertility,4,B.12.2.4,294,,X,DALYs (Disability-Adjusted Life Years),Global,Both,All Ages,Number,2019.0,321829.0885467557,771411.2208621573,120614.85341609662
602,Other urinary diseases,594,Urinary diseases and male infertility,4,B.12.2.5,295,,,DALYs (Disability-Adjusted Life Years),Global,Both,All Ages,Number,2019.0,1348500.2644865212,1583782.8405142522,1049677.1222189418
603,Gynecological diseases,640,Other non-communicable diseases,3,B.12.3,296,,,DALYs (Disability-Adjusted Life Years),Global,Both,All Ages,Number,2019.0,29740729.59698008,41339848.21410804,20377087.081877086
604,Uterine fibroids,603,Gynecological diseases,4,B.12.3.1,297,,,DALYs (Disability-Adjusted Life Years),Global,Both,All Ages,Number,2019.0,1378497.8771934276,2475244.6264325446,710915.7826514349
605,Polycystic ovarian syndrome,603,Gynecological diseases,4,B.12.3.2,298,,X,DALYs (Disability-Adjusted Life Years),Global,Both,All Ages,Number,2019.0,576821.9964002273,1161158.5594042162,246221.5354645048
606,Female infertility,603,Gynecological diseases,4,B.12.3.3,299,,X,DALYs (Disability-Adjusted Life Years),Global,Both,All Ages,Number,2019.0,659207.2548074529,1571489.8359259737,221680.33581092113
607,Endometriosis,603,Gynecological diseases,4,B.12.3.4,300,,,DALYs (Disability-Adjusted Life Years),Global,Both,All Ages,Number,2019.0,2250033.563582834,3540205.6833101106,1356637.4323444064
608,Genital prolapse,603,Gynecological diseases,4,B.12.3.5,301,,,DALYs (Disability-Adjusted Life Years),Global,Both,All Ages,Number,2019.0,441769.5067296209,763521.3850451391,245435.04697349982
609,Premenstrual syndrome,603,Gynecological diseases,4,B.12.3.6,302,,X,DALYs (Disability-Adjusted Life Years),Global,Both,All Ages,Number,2019.0,7974230.666650782,12332428.86034283,4898613.5572676435
612,Other gynecological diseases,603,Gynecological diseases,4,B.12.3.7,303,,,DALYs (Disability-Adjusted Life Years),Global,Both,All Ages,Number,2019.0,16460168.731615728,23433250.28338352,10709086.206131564
613,Hemoglobinopathies and hemolytic anemias,640,Other non-communicable diseases,3,B.12.4,304,,,DALYs (Disability-Adjusted Life Years),Global,Both,All Ages,Number,2019.0,12815635.840380607,16679566.63052209,9970867.059529604
614,Thalassemias,613,Hemoglobinopathies and hemolytic anemias,4,B.12.4.1,305,,,DALYs (Disability-Adjusted Life Years),Global,Both,All Ages,Number,2019.0,777516.0576273064,928212.9242033431,650510.1003278447
837,Thalassemias trait,613,Hemoglobinopathies and hemolytic anemias,4,B.12.4.2,306,,X,DALYs (Disability-Adjusted Life Years),Global,Both,All Ages,Number,2019.0,3234514.727971432,4907810.954127015,2096016.7875072837
615,Sickle cell disorders,613,Hemoglobinopathies and hemolytic anemias,4,B.12.4.3,307,,,DALYs (Disability-Adjusted Life Years),Global,Both,All Ages,Number,2019.0,3420837.5695046987,4628391.8725873055,2476156.8204555064
838,Sickle cell trait,613,Hemoglobinopathies and hemolytic anemias,4,B.12.4.4,308,,X,DALYs (Disability-Adjusted Life Years),Global,Both,All Ages,Number,2019.0,2424299.8681166307,3541245.4278717176,1583441.3875318703
616,G6PD deficiency,613,Hemoglobinopathies and hemolytic anemias,4,B.12.4.5,309,,,DALYs (Disability-Adjusted Life Years),Global,Both,All Ages,Number,2019.0,679202.9060385225,886079.514540517,542288.9216992124
839,G6PD trait,613,Hemoglobinopathies and hemolytic anemias,4,B.12.4.6,310,,X,DALYs (Disability-Adjusted Life Years),Global,Both,All Ages,Number,2019.0,23596.423279271992,34221.208423602955,15650.647026763352
618,Other hemoglobinopathies and hemolytic anemias,613,Hemoglobinopathies and hemolytic anemias,4,B.12.4.7,311,,,DALYs (Disability-Adjusted Life Years),Global,Both,All Ages,Number,2019.0,2255668.287842724,3019571.1166984937,1695459.3623401625
680,Oral disorders,640,Other non-communicable diseases,3,B.12.6,313,,X,DALYs (Disability-Adjusted Life Years),Global,Both,All Ages,Number,2019.0,23134661.90928987,37359955.85951984,13622895.883459482
681,Caries of deciduous teeth,680,Oral disorders,4,B.12.6.1,314,,X,DALYs (Disability-Adjusted Life Years),Global,Both,All Ages,Number,2019.0,199511.74054806464,425797.48240948,86884.00035348746
682,Caries of permanent teeth,680,Oral disorders,4,B.12.6.2,315,,X,DALYs (Disability-Adjusted Life Years),Global,Both,All Ages,Number,2019.0,2000016.674282057,3876591.6236207313,915038.7264485664
683,Periodontal diseases,680,Oral disorders,4,B.12.6.3,316,,X,DALYs (Disability-Adjusted Life Years),Global,Both,All Ages,Number,2019.0,7090390.297866959,15450929.305437418,2779508.056179131
684,Edentulism,680,Oral disorders,4,B.12.6.4,317,,X,DALYs (Disability-Adjusted Life Years),Global,Both,All Ages,Number,2019.0,9621846.61078466,14175264.496066036,6152868.22352198
685,Other oral disorders,680,Oral disorders,4,B.12.6.5,318,,X,DALYs (Disability-Adjusted Life Years),Global,Both,All Ages,Number,2019.0,4222896.585808109,6162732.890470962,2639827.7524114097
686,Sudden infant death syndrome,640,Other non-communicable diseases,3,B.12.7,319,X,,DALYs (Disability-Adjusted Life Years),Global,Both,All Ages,Number,2019.0,2448495.564498791,5387495.419061345,1068807.8513003911
687,Injuries,294,All causes,1,C,320,,,DALYs (Disability-Adjusted Life Years),Global,Both,All Ages,Number,2019.0,249123806.0360606,274753825.60728025,226218036.22239438
688,Transport injuries,687,Injuries,2,C.1,321,,,DALYs (Disability-Adjusted Life Years),Global,Both,All Ages,Number,2019.0,77639452.55205917,85466246.67494068,69162580.55767381
689,Road injuries,688,Transport injuries,3,C.1.1,322,,,DALYs (Disability-Adjusted Life Years),Global,Both,All Ages,Number,2019.0,72901325.92148557,80193701.64889157,64830881.44588878
690,Pedestrian road injuries,689,Road injuries,4,C.1.1.1,323,,,DALYs (Disability-Adjusted Life Years),Global,Both,All Ages,Number,2019.0,23543317.024420597,26263378.90888827,20511789.434075944
691,Cyclist road injuries,689,Road injuries,4,C.1.1.2,324,,,DALYs (Disability-Adjusted Life Years),Global,Both,All Ages,Number,2019.0,6510312.418916062,7912914.51784583,5252861.526788247
692,Motorcyclist road injuries,689,Road injuries,4,C.1.1.3,325,,,DALYs (Disability-Adjusted Life Years),Global,Both,All Ages,Number,2019.0,15984585.604364632,18013102.365476593,13939137.22055637
693,Motor vehicle road injuries,689,Road injuries,4,C.1.1.4,326,,,DALYs (Disability-Adjusted Life Years),Global,Both,All Ages,Number,2019.0,26017300.91545239,29013400.78796524,23046133.107989114
694,Other road injuries,689,Road injuries,4,C.1.1.5,327,,,DALYs (Disability-Adjusted Life Years),Global,Both,All Ages,Number,2019.0,845809.9583319536,975327.4045937231,726548.2891915247
695,Other transport injuries,688,Transport injuries,3,C.1.2,328,,,DALYs (Disability-Adjusted Life Years),Global,Both,All Ages,Number,2019.0,4738126.630573566,5285930.930008823,4151705.451497305
696,Unintentional injuries,687,Injuries,2,C.2,329,,,DALYs (Disability-Adjusted Life Years),Global,Both,All Ages,Number,2019.0,103594465.18755177,119739227.5248231,88919973.38654262
697,Falls,696,Unintentional injuries,3,C.2.1,330,,,DALYs (Disability-Adjusted Life Years),Global,Both,All Ages,Number,2019.0,39362279.49159624,47508926.63513431,32511058.461286496
698,Drowning,696,Unintentional injuries,3,C.2.2,331,,,DALYs (Disability-Adjusted Life Years),Global,Both,All Ages,Number,2019.0,13016754.64635761,14694635.083775464,11680830.39709236
700,Poisonings,696,Unintentional injuries,3,C.2.4,333,,,DALYs (Disability-Adjusted Life Years),Global,Both,All Ages,Number,2019.0,4011383.516357923,4549850.605484517,3404290.2992088017
701,Poisoning by carbon monoxide,700,Poisonings,4,C.2.4.1,334,,,DALYs (Disability-Adjusted Life Years),Global,Both,All Ages,Number,2019.0,1838312.3619493456,2101515.4756763717,1465241.8237122763
703,Poisoning by other means,700,Poisonings,4,C.2.4.2,335,,,DALYs (Disability-Adjusted Life Years),Global,Both,All Ages,Number,2019.0,2173071.1544085825,2591694.0466143843,1786579.9687616576
704,Exposure to mechanical forces,696,Unintentional injuries,3,C.2.5,336,,,DALYs (Disability-Adjusted Life Years),Global,Both,All Ages,Number,2019.0,11689549.780992247,14698480.81864106,9161603.901464056
705,Unintentional firearm injuries,704,Exposure to mechanical forces,4,C.2.5.1,337,,,DALYs (Disability-Adjusted Life Years),Global,Both,All Ages,Number,2019.0,1363711.2823014983,1660172.175787376,1051134.0006744105
707,Other exposure to mechanical forces,704,Exposure to mechanical forces,4,C.2.5.2,338,,,DALYs (Disability-Adjusted Life Years),Global,Both,All Ages,Number,2019.0,10325838.498690778,13148293.236073092,7965313.883004302
708,Adverse effects of medical treatment,696,Unintentional injuries,3,C.2.6,339,,,DALYs (Disability-Adjusted Life Years),Global,Both,All Ages,Number,2019.0,3839683.391997472,4363638.307310127,3184590.2453699573
709,Animal contact,696,Unintentional injuries,3,C.2.7,340,,,DALYs (Disability-Adjusted Life Years),Global,Both,All Ages,Number,2019.0,5220334.823177883,6442441.872458634,3667594.243580132
710,Venomous animal contact,709,Animal contact,4,C.2.7.1,341,,,DALYs (Disability-Adjusted Life Years),Global,Both,All Ages,Number,2019.0,4088344.748178905,5159258.861944371,2677479.596232377
711,Non-venomous animal contact,709,Animal contact,4,C.2.7.2,342,,,DALYs (Disability-Adjusted Life Years),Global,Both,All Ages,Number,2019.0,1131990.0749989757,1423891.9684185663,914284.8934908736
712,Foreign body,696,Unintentional injuries,3,C.2.8,343,,,DALYs (Disability-Adjusted Life Years),Global,Both,All Ages,Number,2019.0,6467598.415329617,7252238.24722797,5759613.299510428
713,Pulmonary aspiration and foreign body in airway,712,Foreign body,4,C.2.8.1,344,,,DALYs (Disability-Adjusted Life Years),Global,Both,All Ages,Number,2019.0,4723046.784118107,5244407.12218074,4272454.878737334
714,Foreign body in eyes,712,Foreign body,4,C.2.8.2,345,,X,DALYs (Disability-Adjusted Life Years),Global,Both,All Ages,Number,2019.0,590353.4202744717,1032634.7262209688,312348.16590164823
715,Foreign body in other body part,712,Foreign body,4,C.2.8.3,346,,,DALYs (Disability-Adjusted Life Years),Global,Both,All Ages,Number,2019.0,1154198.2109370409,1465247.0614190463,892059.0279754981
842,Environmental heat and cold exposure,696,Unintentional injuries,3,C.2.9,347,,,DALYs (Disability-Adjusted Life Years),Global,Both,All Ages,Number,2019.0,2551878.4727224307,3084869.8875891487,1978541.2188453902
729,Exposure to forces of nature,696,Unintentional injuries,3,C.2.10,348,,,DALYs (Disability-Adjusted Life Years),Global,Both,All Ages,Number,2019.0,960873.321457098,1214282.788736443,776623.5480284202
716,Other unintentional injuries,696,Unintentional injuries,3,C.2.11,349,,,DALYs (Disability-Adjusted Life Years),Global,Both,All Ages,Number,2019.0,9013680.682493893,10860522.03029401,7365802.493677754
717,Self-harm and interpersonal violence,687,Injuries,2,C.3,350,,,DALYs (Disability-Adjusted Life Years),Global,Both,All Ages,Number,2019.0,67889888.29644974,72854417.89375946,63393761.57692706
718,Self-harm,717,Self-harm and interpersonal violence,3,C.3.1,351,,,DALYs (Disability-Adjusted Life Years),Global,Both,All Ages,Number,2019.0,34123584.33634764,37498986.23885782,30800471.922088765
721,Self-harm by firearm,718,Self-harm,4,C.3.1.1,352,,,DALYs (Disability-Adjusted Life Years),Global,Both,All Ages,Number,2019.0,2267647.1980879745,2678881.237492321,2001288.7880027809
723,Self-harm by other specified means,718,Self-harm,4,C.3.1.2,353,,,DALYs (Disability-Adjusted Life Years),Global,Both,All Ages,Number,2019.0,31855937.13825965,35102544.34487518,28702605.41837932
724,Interpersonal violence,717,Self-harm and interpersonal violence,3,C.3.2,354,,,DALYs (Disability-Adjusted Life Years),Global,Both,All Ages,Number,2019.0,26969066.95690453,29252033.24508266,24947054.420094505
725,Physical violence by firearm,724,Interpersonal violence,4,C.3.2.1,355,,,DALYs (Disability-Adjusted Life Years),Global,Both,All Ages,Number,2019.0,10028577.912458338,10915006.836804343,9276491.307079693
726,Physical violence by sharp object,724,Interpersonal violence,4,C.3.2.2,356,,,DALYs (Disability-Adjusted Life Years),Global,Both,All Ages,Number,2019.0,5601504.884018126,6260692.772413886,4660762.392939868
941,Sexual violence,724,Interpersonal violence,4,C.3.2.3,357,,X,DALYs (Disability-Adjusted Life Years),Global,Both,All Ages,Number,2019.0,2089160.9439158128,2979987.9780153763,1400264.2563883048
727,Physical violence by other means,724,Interpersonal violence,4,C.3.2.4,358,,,DALYs (Disability-Adjusted Life Years),Global,Both,All Ages,Number,2019.0,9249823.216512263,10367600.80872116,8268390.605231932
945,Conflict and terrorism,717,Self-harm and interpersonal violence,3,C.3.3,359,,,DALYs (Disability-Adjusted Life Years),Global,Both,All Ages,Number,2019.0,6262305.108997726,8217074.150142043,4987201.411042149
854,Executions and police conflict,717,Self-harm and interpersonal violence,3,C.3.4,360,,,DALYs (Disability-Adjusted Life Years),Global,Both,All Ages,Number,2019.0,534931.8941998153,603025.9497972259,468880.7173757528
1029,Total cancers,294,All causes,1,D,361,,,DALYs (Disability-Adjusted Life Years),Global,Both,All Ages,Number,2019.0,250173006.02328223,264442211.640844,234615277.72221267
1026,Total burden related to hepatitis B,294,All causes,1,E,362,,,DALYs (Disability-Adjusted Life Years),Global,Both,All Ages,Number,2019.0,18198231.589085396,20574109.22672024,15912975.415424675
1027,Total burden related to hepatitis C,294,All causes,1,F,363,,,DALYs (Disability-Adjusted Life Years),Global,Both,All Ages,Number,2019.0,15288536.851980735,17477924.048148345,13297456.523443885
1028,Total burden related to Non-alcoholic fatty liver disease (NAFLD),294,All causes,1,G,364,,,DALYs (Disability-Adjusted Life Years),Global,Both,All Ages,Number,2019.0,4417278.126574939,5671202.374910784,3348221.996620208
